<?xml version="1.0" encoding="UTF-8"?>
<project-private xmlns="http://www.netbeans.org/ns/project-private/1">
    <editor-bookmarks xmlns="http://www.netbeans.org/ns/editor-bookmarks/2" lastBookmarkId="1"/>
    <open-files xmlns="http://www.netbeans.org/ns/projectui-open-files/2">
        <group>
            <file>file:/E:/workspaceNB/HTML5Application/meplayer.plugin.ads.001.js</file>
            <file>file:/E:/workspaceNB/HTML5Application/meplayer.plugin.ga.001.js</file>
            <file>file:/E:/workspaceNB/HTML5Application/meplayer.html5.001.js</file>
            <file>file:/E:/workspaceNB/HTML5Application/MCplayer.html</file>
            <file>file:/E:/workspaceNB/HTML5Application/meplayer.js</file>
        </group>
    </open-files>
</project-private>
